{"frames": {

"0_0.png":
{
	"frame": {"x":0,"y":0,"w":140,"h":190},
	"rotated": false,
	"trimmed": false,
	"spriteSourceSize": {"x":0,"y":0,"w":140,"h":190},
	"sourceSize": {"w":140,"h":190}
},
"0_1.png":
{
	"frame": {"x":140,"y":0,"w":140,"h":190},
	"rotated": false,
	"trimmed": false,
	"spriteSourceSize": {"x":0,"y":0,"w":140,"h":190},
	"sourceSize": {"w":140,"h":190}
},
"0_2.png":
{
	"frame": {"x":280,"y":0,"w":140,"h":190},
	"rotated": false,
	"trimmed": false,
	"spriteSourceSize": {"x":0,"y":0,"w":140,"h":190},
	"sourceSize": {"w":140,"h":190}
},
"0_3.png":
{
	"frame": {"x":420,"y":0,"w":140,"h":190},
	"rotated": false,
	"trimmed": false,
	"spriteSourceSize": {"x":0,"y":0,"w":140,"h":190},
	"sourceSize": {"w":140,"h":190}
},
"1_0.png":
{
	"frame": {"x":560,"y":0,"w":140,"h":190},
	"rotated": false,
	"trimmed": false,
	"spriteSourceSize": {"x":0,"y":0,"w":140,"h":190},
	"sourceSize": {"w":140,"h":190}
},
"1_1.png":
{
	"frame": {"x":700,"y":0,"w":140,"h":190},
	"rotated": false,
	"trimmed": false,
	"spriteSourceSize": {"x":0,"y":0,"w":140,"h":190},
	"sourceSize": {"w":140,"h":190}
},
"1_2.png":
{
	"frame": {"x":840,"y":0,"w":140,"h":190},
	"rotated": false,
	"trimmed": false,
	"spriteSourceSize": {"x":0,"y":0,"w":140,"h":190},
	"sourceSize": {"w":140,"h":190}
},
"1_3.png":
{
	"frame": {"x":980,"y":0,"w":140,"h":190},
	"rotated": false,
	"trimmed": false,
	"spriteSourceSize": {"x":0,"y":0,"w":140,"h":190},
	"sourceSize": {"w":140,"h":190}
},
"2_0.png":
{
	"frame": {"x":1120,"y":0,"w":140,"h":190},
	"rotated": false,
	"trimmed": false,
	"spriteSourceSize": {"x":0,"y":0,"w":140,"h":190},
	"sourceSize": {"w":140,"h":190}
},
"2_1.png":
{
	"frame": {"x":1260,"y":0,"w":140,"h":190},
	"rotated": false,
	"trimmed": false,
	"spriteSourceSize": {"x":0,"y":0,"w":140,"h":190},
	"sourceSize": {"w":140,"h":190}
},
"2_2.png":
{
	"frame": {"x":1400,"y":0,"w":140,"h":190},
	"rotated": false,
	"trimmed": false,
	"spriteSourceSize": {"x":0,"y":0,"w":140,"h":190},
	"sourceSize": {"w":140,"h":190}
},
"2_3.png":
{
	"frame": {"x":1540,"y":0,"w":140,"h":190},
	"rotated": false,
	"trimmed": false,
	"spriteSourceSize": {"x":0,"y":0,"w":140,"h":190},
	"sourceSize": {"w":140,"h":190}
},
"3_0.png":
{
	"frame": {"x":1680,"y":0,"w":140,"h":190},
	"rotated": false,
	"trimmed": false,
	"spriteSourceSize": {"x":0,"y":0,"w":140,"h":190},
	"sourceSize": {"w":140,"h":190}
},
"3_1.png":
{
	"frame": {"x":1820,"y":0,"w":140,"h":190},
	"rotated": false,
	"trimmed": false,
	"spriteSourceSize": {"x":0,"y":0,"w":140,"h":190},
	"sourceSize": {"w":140,"h":190}
},
"3_2.png":
{
	"frame": {"x":0,"y":190,"w":140,"h":190},
	"rotated": false,
	"trimmed": false,
	"spriteSourceSize": {"x":0,"y":0,"w":140,"h":190},
	"sourceSize": {"w":140,"h":190}
},
"3_3.png":
{
	"frame": {"x":140,"y":190,"w":140,"h":190},
	"rotated": false,
	"trimmed": false,
	"spriteSourceSize": {"x":0,"y":0,"w":140,"h":190},
	"sourceSize": {"w":140,"h":190}
},
"4_0.png":
{
	"frame": {"x":280,"y":190,"w":140,"h":190},
	"rotated": false,
	"trimmed": false,
	"spriteSourceSize": {"x":0,"y":0,"w":140,"h":190},
	"sourceSize": {"w":140,"h":190}
},
"4_1.png":
{
	"frame": {"x":420,"y":190,"w":140,"h":190},
	"rotated": false,
	"trimmed": false,
	"spriteSourceSize": {"x":0,"y":0,"w":140,"h":190},
	"sourceSize": {"w":140,"h":190}
},
"4_2.png":
{
	"frame": {"x":560,"y":190,"w":140,"h":190},
	"rotated": false,
	"trimmed": false,
	"spriteSourceSize": {"x":0,"y":0,"w":140,"h":190},
	"sourceSize": {"w":140,"h":190}
},
"4_3.png":
{
	"frame": {"x":700,"y":190,"w":140,"h":190},
	"rotated": false,
	"trimmed": false,
	"spriteSourceSize": {"x":0,"y":0,"w":140,"h":190},
	"sourceSize": {"w":140,"h":190}
},
"5_0.png":
{
	"frame": {"x":840,"y":190,"w":140,"h":190},
	"rotated": false,
	"trimmed": false,
	"spriteSourceSize": {"x":0,"y":0,"w":140,"h":190},
	"sourceSize": {"w":140,"h":190}
},
"5_1.png":
{
	"frame": {"x":980,"y":190,"w":140,"h":190},
	"rotated": false,
	"trimmed": false,
	"spriteSourceSize": {"x":0,"y":0,"w":140,"h":190},
	"sourceSize": {"w":140,"h":190}
},
"5_2.png":
{
	"frame": {"x":1120,"y":190,"w":140,"h":190},
	"rotated": false,
	"trimmed": false,
	"spriteSourceSize": {"x":0,"y":0,"w":140,"h":190},
	"sourceSize": {"w":140,"h":190}
},
"5_3.png":
{
	"frame": {"x":1260,"y":190,"w":140,"h":190},
	"rotated": false,
	"trimmed": false,
	"spriteSourceSize": {"x":0,"y":0,"w":140,"h":190},
	"sourceSize": {"w":140,"h":190}
},
"6_0.png":
{
	"frame": {"x":1400,"y":190,"w":140,"h":190},
	"rotated": false,
	"trimmed": false,
	"spriteSourceSize": {"x":0,"y":0,"w":140,"h":190},
	"sourceSize": {"w":140,"h":190}
},
"6_1.png":
{
	"frame": {"x":1540,"y":190,"w":140,"h":190},
	"rotated": false,
	"trimmed": false,
	"spriteSourceSize": {"x":0,"y":0,"w":140,"h":190},
	"sourceSize": {"w":140,"h":190}
},
"6_2.png":
{
	"frame": {"x":1680,"y":190,"w":140,"h":190},
	"rotated": false,
	"trimmed": false,
	"spriteSourceSize": {"x":0,"y":0,"w":140,"h":190},
	"sourceSize": {"w":140,"h":190}
},
"6_3.png":
{
	"frame": {"x":1820,"y":190,"w":140,"h":190},
	"rotated": false,
	"trimmed": false,
	"spriteSourceSize": {"x":0,"y":0,"w":140,"h":190},
	"sourceSize": {"w":140,"h":190}
},
"7_0.png":
{
	"frame": {"x":0,"y":380,"w":140,"h":190},
	"rotated": false,
	"trimmed": false,
	"spriteSourceSize": {"x":0,"y":0,"w":140,"h":190},
	"sourceSize": {"w":140,"h":190}
},
"7_1.png":
{
	"frame": {"x":140,"y":380,"w":140,"h":190},
	"rotated": false,
	"trimmed": false,
	"spriteSourceSize": {"x":0,"y":0,"w":140,"h":190},
	"sourceSize": {"w":140,"h":190}
},
"7_2.png":
{
	"frame": {"x":280,"y":380,"w":140,"h":190},
	"rotated": false,
	"trimmed": false,
	"spriteSourceSize": {"x":0,"y":0,"w":140,"h":190},
	"sourceSize": {"w":140,"h":190}
},
"7_3.png":
{
	"frame": {"x":420,"y":380,"w":140,"h":190},
	"rotated": false,
	"trimmed": false,
	"spriteSourceSize": {"x":0,"y":0,"w":140,"h":190},
	"sourceSize": {"w":140,"h":190}
},
"8_0.png":
{
	"frame": {"x":560,"y":380,"w":140,"h":190},
	"rotated": false,
	"trimmed": false,
	"spriteSourceSize": {"x":0,"y":0,"w":140,"h":190},
	"sourceSize": {"w":140,"h":190}
},
"8_1.png":
{
	"frame": {"x":700,"y":380,"w":140,"h":190},
	"rotated": false,
	"trimmed": false,
	"spriteSourceSize": {"x":0,"y":0,"w":140,"h":190},
	"sourceSize": {"w":140,"h":190}
},
"8_2.png":
{
	"frame": {"x":840,"y":380,"w":140,"h":190},
	"rotated": false,
	"trimmed": false,
	"spriteSourceSize": {"x":0,"y":0,"w":140,"h":190},
	"sourceSize": {"w":140,"h":190}
},
"8_3.png":
{
	"frame": {"x":980,"y":380,"w":140,"h":190},
	"rotated": false,
	"trimmed": false,
	"spriteSourceSize": {"x":0,"y":0,"w":140,"h":190},
	"sourceSize": {"w":140,"h":190}
},
"9_0.png":
{
	"frame": {"x":1120,"y":380,"w":140,"h":190},
	"rotated": false,
	"trimmed": false,
	"spriteSourceSize": {"x":0,"y":0,"w":140,"h":190},
	"sourceSize": {"w":140,"h":190}
},
"9_1.png":
{
	"frame": {"x":1260,"y":380,"w":140,"h":190},
	"rotated": false,
	"trimmed": false,
	"spriteSourceSize": {"x":0,"y":0,"w":140,"h":190},
	"sourceSize": {"w":140,"h":190}
},
"9_2.png":
{
	"frame": {"x":1400,"y":380,"w":140,"h":190},
	"rotated": false,
	"trimmed": false,
	"spriteSourceSize": {"x":0,"y":0,"w":140,"h":190},
	"sourceSize": {"w":140,"h":190}
},
"9_3.png":
{
	"frame": {"x":1540,"y":380,"w":140,"h":190},
	"rotated": false,
	"trimmed": false,
	"spriteSourceSize": {"x":0,"y":0,"w":140,"h":190},
	"sourceSize": {"w":140,"h":190}
},
"10_0.png":
{
	"frame": {"x":1680,"y":380,"w":140,"h":190},
	"rotated": false,
	"trimmed": false,
	"spriteSourceSize": {"x":0,"y":0,"w":140,"h":190},
	"sourceSize": {"w":140,"h":190}
},
"10_1.png":
{
	"frame": {"x":1820,"y":380,"w":140,"h":190},
	"rotated": false,
	"trimmed": false,
	"spriteSourceSize": {"x":0,"y":0,"w":140,"h":190},
	"sourceSize": {"w":140,"h":190}
},
"10_2.png":
{
	"frame": {"x":0,"y":570,"w":140,"h":190},
	"rotated": false,
	"trimmed": false,
	"spriteSourceSize": {"x":0,"y":0,"w":140,"h":190},
	"sourceSize": {"w":140,"h":190}
},
"10_3.png":
{
	"frame": {"x":140,"y":570,"w":140,"h":190},
	"rotated": false,
	"trimmed": false,
	"spriteSourceSize": {"x":0,"y":0,"w":140,"h":190},
	"sourceSize": {"w":140,"h":190}
},
"11_0.png":
{
	"frame": {"x":280,"y":570,"w":140,"h":190},
	"rotated": false,
	"trimmed": false,
	"spriteSourceSize": {"x":0,"y":0,"w":140,"h":190},
	"sourceSize": {"w":140,"h":190}
},
"11_1.png":
{
	"frame": {"x":420,"y":570,"w":140,"h":190},
	"rotated": false,
	"trimmed": false,
	"spriteSourceSize": {"x":0,"y":0,"w":140,"h":190},
	"sourceSize": {"w":140,"h":190}
},
"11_2.png":
{
	"frame": {"x":560,"y":570,"w":140,"h":190},
	"rotated": false,
	"trimmed": false,
	"spriteSourceSize": {"x":0,"y":0,"w":140,"h":190},
	"sourceSize": {"w":140,"h":190}
},
"11_3.png":
{
	"frame": {"x":700,"y":570,"w":140,"h":190},
	"rotated": false,
	"trimmed": false,
	"spriteSourceSize": {"x":0,"y":0,"w":140,"h":190},
	"sourceSize": {"w":140,"h":190}
},
"12_0.png":
{
	"frame": {"x":840,"y":570,"w":140,"h":190},
	"rotated": false,
	"trimmed": false,
	"spriteSourceSize": {"x":0,"y":0,"w":140,"h":190},
	"sourceSize": {"w":140,"h":190}
},
"12_1.png":
{
	"frame": {"x":980,"y":570,"w":140,"h":190},
	"rotated": false,
	"trimmed": false,
	"spriteSourceSize": {"x":0,"y":0,"w":140,"h":190},
	"sourceSize": {"w":140,"h":190}
},
"12_2.png":
{
	"frame": {"x":1120,"y":570,"w":140,"h":190},
	"rotated": false,
	"trimmed": false,
	"spriteSourceSize": {"x":0,"y":0,"w":140,"h":190},
	"sourceSize": {"w":140,"h":190}
},
"12_3.png":
{
	"frame": {"x":1260,"y":570,"w":140,"h":190},
	"rotated": false,
	"trimmed": false,
	"spriteSourceSize": {"x":0,"y":0,"w":140,"h":190},
	"sourceSize": {"w":140,"h":190}
},
"back.png":
{
	"frame": {"x":1400,"y":570,"w":140,"h":190},
	"rotated": false,
	"trimmed": false,
	"spriteSourceSize": {"x":0,"y":0,"w":140,"h":190},
	"sourceSize": {"w":140,"h":190}
},
"backgreen.png":
{
	"frame": {"x":1540,"y":570,"w":140,"h":190},
	"rotated": false,
	"trimmed": false,
	"spriteSourceSize": {"x":0,"y":0,"w":140,"h":190},
	"sourceSize": {"w":140,"h":190}
},
"backred.png":
{
	"frame": {"x":1680,"y":570,"w":140,"h":190},
	"rotated": false,
	"trimmed": false,
	"spriteSourceSize": {"x":0,"y":0,"w":140,"h":190},
	"sourceSize": {"w":140,"h":190}
}},
"animations": {
	"0": ["0_0.png","0_1.png","0_2.png","0_3.png"],
	"1": ["1_0.png","1_1.png","1_2.png","1_3.png"],
	"10": ["10_0.png","10_1.png","10_2.png","10_3.png"],
	"11": ["11_0.png","11_1.png","11_2.png","11_3.png"],
	"12": ["12_0.png","12_1.png","12_2.png","12_3.png"],
	"2": ["2_0.png","2_1.png","2_2.png","2_3.png"],
	"3": ["3_0.png","3_1.png","3_2.png","3_3.png"],
	"4": ["4_0.png","4_1.png","4_2.png","4_3.png"],
	"5": ["5_0.png","5_1.png","5_2.png","5_3.png"],
	"6": ["6_0.png","6_1.png","6_2.png","6_3.png"],
	"7": ["7_0.png","7_1.png","7_2.png","7_3.png"],
	"8": ["8_0.png","8_1.png","8_2.png","8_3.png"],
	"9": ["9_0.png","9_1.png","9_2.png","9_3.png"]
},
"meta": {
	"app": "https://www.codeandweb.com/texturepacker",
	"version": "1.0",
	"image": "poker.png",
	"format": "RGBA8888",
	"size": {"w":1960,"h":760},
	"scale": "1",
	"smartupdate": "$TexturePacker:SmartUpdate:dde62379edde5aa9d6169a33f5729a2c:0912821567904278abd77322d754e9a7:794e7e7989d1ff4d5399d083fe5c6157$"
}
}
